invoice_id,vendor_id,invoice_date,total_amount,freight_cost,is_risky
1,Vendor_D,2023-12-22,40742.79406644663,1682.2056378066486,0
2,Vendor_E,2023-11-20,36047.09227321147,889.9025974042545,1
3,Vendor_C,2023-05-13,47798.422949769265,3807.816010765341,0
4,Vendor_E,2023-10-20,1402.5128424799007,131.66396112446355,0
5,Vendor_E,2023-11-24,10191.010291335531,731.3209443532947,0
6,Vendor_B,2023-05-07,874.362311418035,140.58637750581283,1
7,Vendor_C,2023-04-16,32549.998350652848,886.3747833799272,0
8,Vendor_C,2023-04-02,44952.512173024355,1990.098291278179,0
9,Vendor_C,2023-10-14,12552.373680526814,359.1283556727548,0
10,Vendor_E,2023-02-20,46388.20996741718,1585.9494388658038,0
11,Vendor_D,2023-01-29,3483.235819333262,172.0876149406365,0
12,Vendor_C,2023-10-23,46754.583326872955,2319.146748922345,0
13,Vendor_E,2023-10-24,17905.3230183619,690.6783578758933,0
14,Vendor_B,2023-08-02,5520.331008236218,220.09224938934784,0
15,Vendor_D,2023-09-24,24550.65207972312,794.1496834013168,0
16,Vendor_B,2023-09-14,13210.440102165143,434.82434156447107,0
17,Vendor_D,2023-10-29,14601.20864711518,1169.108792527115,0
18,Vendor_E,2023-04-11,15710.853263851186,1085.7041719953288,1
19,Vendor_A,2023-12-12,40249.781942716836,3175.4878174842875,0
20,Vendor_D,2023-04-20,27188.4831954251,1298.356619044032,1
21,Vendor_B,2023-07-01,15909.73110822218,617.6131711335378,0
22,Vendor_E,2023-11-09,30711.52227389046,2113.9137052709348,0
23,Vendor_D,2023-01-01,35949.45837404808,1515.203694300719,0
24,Vendor_A,2023-11-15,13994.888036309922,607.9147496623114,0
25,Vendor_A,2023-02-24,20970.6805255049,800.3694935243409,0
26,Vendor_C,2023-05-29,6533.361620178904,207.04371156892088,0
27,Vendor_C,2023-11-05,9466.892801966676,386.4374294161491,0
28,Vendor_B,2023-05-17,34215.33377126665,1437.8795502946457,0
29,Vendor_D,2023-07-21,9481.198210933533,609.1264275017811,0
30,Vendor_D,2023-11-09,26495.58749151948,661.0107452171736,0
31,Vendor_C,2023-04-27,35597.78995526042,1236.3623885739332,0
32,Vendor_D,2023-06-03,5790.40769318982,438.95816294480255,0
33,Vendor_D,2023-10-18,28581.954871630725,894.9656314779655,0
34,Vendor_A,2023-03-04,13199.857793217507,597.451606114128,0
35,Vendor_C,2023-09-01,48164.8803242602,3558.1419910833697,0
36,Vendor_E,2023-01-25,24435.509512636276,736.2620406415547,0
37,Vendor_C,2023-03-31,40396.63121387033,1083.6546552493803,0
38,Vendor_E,2023-03-16,27736.213836734958,1434.0080607564341,0
39,Vendor_A,2023-10-21,2648.920376313549,131.57594310296028,0
40,Vendor_B,2023-07-29,31840.993091904107,1783.3314390546284,0
41,Vendor_D,2023-12-13,47594.46543922952,3304.0120528450802,0
42,Vendor_A,2023-01-17,30279.785097243395,900.2157816064134,0
43,Vendor_D,2023-05-08,41049.84854162612,2284.7748292459423,0
44,Vendor_B,2023-12-30,44268.21993574619,2263.660588749035,1
45,Vendor_B,2023-09-08,11789.948711472158,428.71610599556936,0
46,Vendor_A,2023-06-28,10996.219575457219,681.6355095860612,1
47,Vendor_B,2023-07-01,30743.55894812409,1185.2745980186273,0
48,Vendor_E,2023-06-01,20845.909255431885,1061.2611936385229,0
49,Vendor_B,2023-01-25,42073.13449190266,1083.5529047698355,0
50,Vendor_D,2023-06-29,45051.14460820155,2214.949857618324,0
51,Vendor_D,2023-07-17,17994.358275484545,713.7724478172612,0
52,Vendor_D,2023-12-10,12225.092669236861,889.4187689974441,0
53,Vendor_D,2023-06-10,39136.01300457116,967.1960203580428,0
54,Vendor_E,2023-06-26,14102.898759632737,688.4999883225931,0
55,Vendor_C,2023-10-12,41219.40876642708,2004.5826453871612,0
56,Vendor_A,2023-03-04,21475.04355561376,1421.589490730686,0
57,Vendor_D,2023-05-30,33543.720014927785,1890.5560130275828,0
58,Vendor_B,2023-06-03,5228.998034816075,378.60383160511293,0
59,Vendor_D,2023-06-05,31381.036571490364,2120.981378309744,0
60,Vendor_B,2023-02-18,22862.50009749284,1684.2938341504184,1
61,Vendor_B,2023-12-03,29537.11892718597,1220.896308282529,0
62,Vendor_D,2023-03-25,8816.70328337074,528.8422025934882,1
63,Vendor_E,2023-12-27,36975.250374737014,2625.8402109928365,0
64,Vendor_B,2023-06-26,43208.45533838981,3486.358004884216,0
65,Vendor_B,2023-05-28,11228.620104493395,834.2923622616385,0
66,Vendor_D,2023-04-28,5237.870498248006,272.43795296407757,0
67,Vendor_B,2023-12-08,1670.1100092936515,140.91451375394357,1
68,Vendor_B,2023-03-04,32277.589271941666,1624.3786100032466,0
69,Vendor_D,2023-07-08,30551.154786394647,2003.8168022810241,0
70,Vendor_D,2023-12-26,27561.521929346465,1431.0682289354759,0
71,Vendor_A,2023-02-18,11981.381257740783,606.1220432389466,0
72,Vendor_E,2023-11-23,19849.846797322974,1432.6665617085148,1
73,Vendor_E,2023-09-14,29926.578591715566,1309.395110441776,0
74,Vendor_B,2023-08-12,25089.959513528884,1833.4462881751049,0
75,Vendor_E,2023-05-21,49395.38325063692,2238.8450083410858,0
76,Vendor_B,2023-08-03,7253.76775155829,352.81467225526825,0
77,Vendor_A,2023-07-30,34909.65542535589,1707.541912172014,0
78,Vendor_D,2023-11-14,20513.77902116246,1404.0520538859755,0
79,Vendor_D,2023-02-01,21695.88093881793,641.1586728661682,0
80,Vendor_D,2023-06-07,36021.08940007973,1202.3370583961437,0
81,Vendor_E,2023-10-12,34775.5894905563,2728.2604170195464,0
82,Vendor_A,2023-11-01,49567.17168825832,1572.416963419498,0
83,Vendor_E,2023-10-13,6855.517327979199,410.69557399583437,0
84,Vendor_E,2023-05-24,5653.427644516234,355.92391864442055,0
85,Vendor_A,2023-01-19,36354.771447872685,1825.307397893869,0
86,Vendor_A,2023-01-18,29130.15239181725,1758.7945363327892,0
87,Vendor_A,2023-09-14,14070.952994710391,509.23190595921994,0
88,Vendor_A,2023-03-19,4431.258764954837,263.2836173845888,0
89,Vendor_D,2023-06-24,4740.083355023312,255.82282520041358,0
90,Vendor_C,2023-07-13,44762.44829587385,2726.574551328077,0
91,Vendor_C,2023-04-23,9997.432573577773,350.3184973310148,0
92,Vendor_A,2023-04-24,16506.892324718276,936.9200581258161,0
93,Vendor_C,2023-08-10,11719.491910235907,422.8273610087369,0
94,Vendor_C,2023-06-15,18072.317138680897,724.605842525596,0
95,Vendor_A,2023-11-15,3936.480215931622,189.28188859551278,0
96,Vendor_C,2023-05-12,26193.459649959383,844.7053599120658,0
97,Vendor_E,2023-09-21,3846.821897814638,320.50548578545266,0
98,Vendor_B,2023-02-24,40117.6471372069,1547.3506716961872,0
99,Vendor_B,2023-12-25,12068.748054566435,962.8719307526184,0
100,Vendor_A,2023-05-11,27230.589772923275,2137.5825215841496,0
101,Vendor_D,2023-10-15,44063.91483429218,2444.8064508956722,0
102,Vendor_A,2023-09-23,32718.42976783611,1029.3455474642842,0
103,Vendor_D,2023-06-11,26881.410434291098,1184.5305267744388,0
104,Vendor_B,2023-03-28,16554.520779211092,1158.8933934178217,0
105,Vendor_A,2023-02-24,16983.5946963808,771.5157790057865,0
106,Vendor_E,2023-10-15,33639.604282310414,904.6731372227338,0
107,Vendor_C,2023-06-27,49709.89838044779,2728.715951437698,0
108,Vendor_D,2023-12-15,33261.03989754424,2376.639336424077,0
109,Vendor_C,2023-01-08,28110.279159816233,1969.2559642438937,0
110,Vendor_C,2023-11-17,36667.20025684268,1180.4289612878902,0
111,Vendor_A,2023-11-09,23527.67780804405,1467.4259707350404,0
112,Vendor_C,2023-09-04,3477.045958738868,172.3168730170276,1
113,Vendor_E,2023-11-19,28333.692385956536,1008.2205069690518,0
114,Vendor_C,2023-09-12,47902.45158301632,3537.7061873108664,1
115,Vendor_A,2023-11-24,9177.495646704152,348.16967030604724,0
116,Vendor_E,2023-02-23,34655.242095622954,1306.88203712429,1
117,Vendor_B,2023-09-06,10446.217588623296,258.0401073955914,0
118,Vendor_C,2023-08-27,27023.470381417523,2003.6368209311604,0
119,Vendor_A,2023-08-17,5285.484257512621,408.5284694384686,0
120,Vendor_B,2023-03-08,22793.361344780165,1360.7984730931162,0
121,Vendor_B,2023-02-20,37930.08478031468,2539.894487586506,0
122,Vendor_D,2023-04-07,17704.790449829612,563.940731266453,0
123,Vendor_E,2023-04-02,33413.13036211729,1614.7132455140136,0
124,Vendor_C,2023-09-21,39874.773059091596,1679.9124659315871,0
125,Vendor_A,2023-10-18,46395.30206423291,1242.5273513545926,0
126,Vendor_D,2023-04-06,12114.78305184495,670.2418785188554,0
127,Vendor_E,2023-03-29,20266.137832560755,1586.9748500550504,1
128,Vendor_D,2023-03-19,8044.5926598556625,213.21670532670242,0
129,Vendor_E,2023-10-15,49627.933356839574,1960.1386329299844,1
130,Vendor_E,2023-04-30,46386.547912252616,1560.6529193281897,0
131,Vendor_C,2023-10-29,27227.8779488877,1009.1190549344709,0
132,Vendor_E,2023-06-14,42180.64807163285,3189.6801604972375,0
133,Vendor_D,2023-07-01,26287.419874966086,1324.675247941534,0
134,Vendor_E,2023-08-11,31367.491556136607,1571.7377750943738,0
135,Vendor_C,2023-11-07,4911.659389742823,396.73839178245163,0
136,Vendor_C,2023-01-07,37885.885814591995,1180.0495224099207,0
137,Vendor_D,2023-11-26,6821.817439944124,403.32240622915856,1
138,Vendor_B,2023-09-20,41390.347697500154,1939.3394703614038,0
139,Vendor_B,2023-06-10,39210.390339684105,2227.078956410447,0
140,Vendor_E,2023-05-31,35582.86253827733,2902.336862202224,0
141,Vendor_A,2023-03-26,2289.938835975725,220.18079245775897,0
142,Vendor_E,2023-05-27,15504.853619293766,725.7736274957001,0
143,Vendor_D,2023-04-22,13524.072210586723,1013.2981177487619,0
144,Vendor_D,2023-02-05,18326.752169840194,633.2991703713394,0
145,Vendor_D,2023-10-12,4838.315964810008,137.28347730366812,0
146,Vendor_D,2023-07-07,46879.41224003761,1545.915002798271,0
147,Vendor_D,2023-03-23,27913.210915262625,1175.5754909557509,0
148,Vendor_C,2023-01-02,15623.453377572165,847.2434004945221,1
149,Vendor_B,2023-10-30,20150.58509517703,1186.233087088113,0
150,Vendor_D,2023-07-16,22636.525754989365,1766.5515548990193,0
151,Vendor_A,2023-01-11,30229.419501350556,1587.825171606163,0
152,Vendor_A,2023-08-22,26026.13167097664,1354.0875302133231,1
153,Vendor_A,2023-07-14,46009.90267411366,1080.1804225254994,0
154,Vendor_A,2023-04-29,25099.6924038386,578.2536857289198,0
155,Vendor_C,2023-01-20,49611.821733753975,2688.499606323376,0
156,Vendor_A,2023-09-18,42645.53540838224,1981.440489633234,0
157,Vendor_D,2023-10-20,10821.270460688122,831.5380385699775,0
158,Vendor_E,2023-09-13,46564.46312487385,1427.0437014441163,0
159,Vendor_A,2023-08-10,6260.136695331066,249.44415440025705,0
160,Vendor_C,2023-08-14,40963.760570313985,2019.0925309953093,0
161,Vendor_C,2023-02-22,19340.853027090714,708.7703509507261,0
162,Vendor_A,2023-12-21,43959.72886203094,1057.9299011680848,0
163,Vendor_E,2023-12-08,43468.80616031879,2829.133101991136,0
164,Vendor_A,2023-12-30,40393.30730582224,1162.386218741908,0
165,Vendor_C,2023-10-07,39606.506597199535,2254.974168211046,1
166,Vendor_B,2023-03-22,15581.617385353018,588.657418800938,0
167,Vendor_D,2023-07-21,4505.504511036983,174.5706283609511,0
168,Vendor_C,2023-06-07,20447.518848875494,936.5037140079023,0
169,Vendor_A,2023-04-30,9089.463491832179,678.8094690664939,0
170,Vendor_D,2023-02-28,34900.078900671855,1590.442813338088,0
171,Vendor_A,2023-08-03,17631.936463620383,1172.8961439273353,0
172,Vendor_A,2023-05-08,48792.70494256579,1346.9001728353103,0
173,Vendor_B,2023-08-12,32228.117828593935,2206.0207425300805,0
174,Vendor_D,2023-07-28,41212.78789990087,1443.5728044864734,0
175,Vendor_D,2023-04-25,7059.971300721497,437.77223210593826,0
176,Vendor_B,2023-07-28,43169.71687249481,2381.773384419026,0
177,Vendor_C,2023-01-14,46176.48093041302,3563.671131327803,0
178,Vendor_A,2023-01-09,24609.564981537325,1111.6604774838897,0
179,Vendor_E,2023-02-09,30509.520418673383,772.1535314348024,0
180,Vendor_A,2023-08-25,38358.08514469828,858.0605229968272,0
181,Vendor_A,2023-10-08,9154.512049390421,679.8477853137942,0
182,Vendor_C,2023-12-25,25377.0207849404,1329.5531044719914,0
183,Vendor_A,2023-07-20,20233.8198747295,1381.5516941818107,0
184,Vendor_B,2023-09-03,7745.512612031331,324.28063682923494,0
185,Vendor_B,2023-10-05,18692.953903430807,817.3307217582737,1
186,Vendor_D,2023-08-23,3874.5293145819314,137.85008253288606,0
187,Vendor_E,2023-01-04,1777.6893939996057,168.20490071137007,0
188,Vendor_A,2023-06-03,7190.731313163727,478.3320832068001,0
189,Vendor_A,2023-01-29,48174.1980236641,3667.3270612088845,0
190,Vendor_C,2023-04-19,27701.71202680334,1048.8860751788352,0
191,Vendor_B,2023-04-08,48308.196977084386,2817.063368222473,0
192,Vendor_E,2023-08-03,21908.644977341533,1350.591152253642,1
193,Vendor_D,2023-10-20,15934.898587720349,660.5867544979917,0
194,Vendor_B,2023-03-16,25554.022210592084,1868.0187135019046,0
195,Vendor_D,2023-11-22,22255.82858732905,1784.9652142050352,0
196,Vendor_C,2023-05-26,5730.401870956323,459.87807041135113,0
197,Vendor_C,2023-05-08,32220.90257716521,2109.3773467425435,0
198,Vendor_A,2023-12-07,11193.89003422518,420.8538846295407,0
199,Vendor_E,2023-02-11,31169.603767442564,1202.132464754291,0
200,Vendor_D,2023-12-22,32684.95407370859,2633.7838720897635,0
201,Vendor_B,2023-02-10,8025.230229868082,221.0039006975794,0
202,Vendor_C,2023-02-03,3536.8065419780737,272.24236504064964,0
203,Vendor_A,2023-01-17,39147.698510387774,2498.2703271729983,0
204,Vendor_A,2023-06-14,23260.120976581347,1384.0106226533064,0
205,Vendor_D,2023-06-02,3379.1078775210517,302.0629461901428,0
206,Vendor_C,2023-03-17,49745.88269990347,1992.266321992485,0
207,Vendor_E,2023-03-28,3360.1377693201484,190.25912385090953,0
208,Vendor_C,2023-04-27,34904.24382849838,913.7563516960004,1
209,Vendor_D,2023-12-28,49192.106800538975,2321.265208901565,0
210,Vendor_D,2023-12-08,12339.415158688318,516.1296303189933,0
211,Vendor_C,2023-01-27,7541.343750016211,369.4967595253498,1
212,Vendor_D,2023-11-09,6508.55450141023,495.0240322139541,0
213,Vendor_C,2023-10-14,15512.119804595979,1250.9597641165203,0
214,Vendor_B,2023-05-14,5501.767645027011,211.3955485030122,0
215,Vendor_C,2023-08-07,34761.98641385953,1506.5486834891442,0
216,Vendor_C,2023-06-17,3583.444007438103,306.13655517533346,0
217,Vendor_D,2023-04-08,25716.39534341459,624.2759844456469,0
218,Vendor_D,2023-09-25,49836.49426572235,1332.3362286989193,0
219,Vendor_A,2023-08-25,40791.52834054793,1227.6372642316958,0
220,Vendor_A,2023-11-05,30953.362192435037,1749.92867340228,0
221,Vendor_B,2023-06-22,15659.554228937277,463.0590456633607,0
222,Vendor_A,2023-07-09,31382.843896436105,2498.79488160661,0
223,Vendor_C,2023-05-02,26588.552463626755,1291.4141987237413,0
224,Vendor_D,2023-02-15,21591.12750257339,1124.9889193927995,1
225,Vendor_A,2023-03-05,6970.163648639874,271.7067741300263,1
226,Vendor_A,2023-05-10,44386.9086544031,2168.5616802998375,0
227,Vendor_B,2023-11-06,22764.340116655465,1418.6558232760328,1
228,Vendor_B,2023-12-29,10133.81433512787,698.4026263894991,0
229,Vendor_C,2023-07-12,18704.087868425835,1276.4338154117152,1
230,Vendor_D,2023-11-03,20999.42275018189,1180.406268023323,0
231,Vendor_B,2023-06-30,41463.125830560275,3132.7387602666763,0
232,Vendor_A,2023-10-19,36813.911837789405,2617.8626230767695,0
233,Vendor_D,2023-10-09,38580.59223524632,2585.777037651761,0
234,Vendor_D,2023-01-29,1046.047589218037,66.16263673409456,0
235,Vendor_A,2023-05-29,21099.622909898193,485.84378215847,0
236,Vendor_B,2023-09-24,24326.53550594852,841.8037805386317,0
237,Vendor_A,2023-10-23,1450.017702741306,136.88521519038304,0
238,Vendor_D,2023-01-11,13360.753832879194,640.3373611540802,0
239,Vendor_E,2023-06-13,38134.34624454568,1730.130198158749,0
240,Vendor_E,2023-04-23,7286.930433585453,586.7358627526542,0
241,Vendor_C,2023-07-06,26997.851506903287,2020.7862234841923,0
242,Vendor_A,2023-10-22,11152.492664853256,861.1065045626839,0
243,Vendor_A,2023-08-20,1099.9783448727171,64.94426104664002,0
244,Vendor_C,2023-08-15,12439.472151177304,782.5661931822266,0
245,Vendor_C,2023-11-06,48805.75086804766,1797.2050458828708,1
246,Vendor_C,2023-04-08,40176.08703820799,1316.1884255364857,0
247,Vendor_D,2023-02-24,47999.043893891154,1523.856013035187,0
248,Vendor_A,2023-04-21,24648.77517435494,1059.199822697732,1
249,Vendor_D,2023-06-01,5931.941834536424,322.36212717675755,0
250,Vendor_C,2023-09-03,27623.9947041978,1940.3579398561606,0
251,Vendor_A,2023-03-10,22991.678060718063,688.3229183071182,0
252,Vendor_D,2023-11-08,42295.67559561099,2777.180598518691,0
253,Vendor_D,2023-10-16,5355.087748820107,307.9837634812285,0
254,Vendor_C,2023-09-07,24667.93628257802,977.9435984692487,0
255,Vendor_A,2023-02-05,7927.408902352221,425.82515499960266,0
256,Vendor_C,2023-08-27,16571.458381057968,681.611226718425,1
257,Vendor_A,2023-05-28,36999.17533069608,2087.9659848743954,0
258,Vendor_E,2023-08-15,24062.897403753945,1121.7683273188604,0
259,Vendor_B,2023-09-01,19106.470114715583,612.9456181844283,0
260,Vendor_B,2023-12-03,20026.57578921675,588.1425235586123,0
261,Vendor_B,2023-12-31,23242.61503609634,1269.296943667553,0
262,Vendor_C,2023-07-20,39358.31891993432,2944.533364929021,0
263,Vendor_E,2023-06-03,44658.1921025416,1856.7975672945443,0
264,Vendor_A,2023-03-14,47789.06698194445,3112.9307080005683,0
265,Vendor_D,2023-07-20,39451.71761963711,2397.255798713367,0
266,Vendor_A,2023-10-23,16112.64133952663,1276.4914607430446,0
267,Vendor_D,2023-01-17,34562.66795128384,2430.368712729637,0
268,Vendor_A,2023-05-09,22161.3546407419,1270.065856143962,0
269,Vendor_E,2023-08-05,13106.195791279533,805.2706701363843,0
270,Vendor_D,2023-03-02,42123.14318158317,3172.7857754323504,0
271,Vendor_C,2023-04-14,2402.1042736350873,179.26105412312728,0
272,Vendor_A,2023-02-11,45137.218610703465,1847.398778816429,0
273,Vendor_A,2023-01-25,23343.13449892434,527.9540801997207,1
274,Vendor_D,2023-02-08,32041.47310200988,2269.2983617755285,0
275,Vendor_C,2023-10-18,33138.01914918624,2326.056963290369,1
276,Vendor_C,2023-05-11,44808.32816497355,1198.5330043149827,0
277,Vendor_E,2023-08-17,32015.149267276764,1778.9910099115682,1
278,Vendor_C,2023-04-18,30889.712445623056,1519.778767787048,0
279,Vendor_C,2023-06-21,3799.276007754153,177.79911241352085,1
280,Vendor_C,2023-04-12,26161.1970862876,2119.989613127802,1
281,Vendor_B,2023-12-20,7933.365540443562,291.5020529552703,0
282,Vendor_E,2023-01-12,37002.971551713534,933.1251441182017,1
283,Vendor_A,2023-10-02,25854.985080227387,1477.5994460446757,0
284,Vendor_D,2023-04-11,34171.27507081349,2234.1107094698473,0
285,Vendor_A,2023-02-13,2562.8085798180214,125.82274328081164,0
286,Vendor_E,2023-11-01,4697.20479426726,302.15713234189366,0
287,Vendor_D,2023-01-17,35958.00770910277,1949.7450940340534,0
288,Vendor_E,2023-11-26,4068.1746319343315,173.13409181069582,0
289,Vendor_C,2023-02-26,4027.2080243803007,194.0487663978153,1
290,Vendor_D,2023-11-07,1099.3695241269288,100.19341821943578,0
291,Vendor_C,2023-10-30,47846.81921582427,1854.7237193551089,0
292,Vendor_A,2023-01-12,37006.66379322085,2844.90632169934,1
293,Vendor_A,2023-11-14,17985.944720852174,1282.774636769985,1
294,Vendor_D,2023-03-21,15178.511273738934,1259.1884783804944,1
295,Vendor_D,2023-08-04,17810.30987241955,709.6165450763006,0
296,Vendor_E,2023-12-05,38845.3497934685,3064.919082675146,1
297,Vendor_E,2023-09-21,33237.84524798551,1567.443864009309,0
298,Vendor_C,2023-05-29,9667.180609439663,441.88924535252045,0
299,Vendor_D,2023-03-22,9118.412099037176,231.99892209078277,0
300,Vendor_A,2023-08-03,5370.584660813167,186.24149512050934,0
301,Vendor_E,2023-07-17,33184.98462521624,2077.0828592134512,0
302,Vendor_E,2023-07-19,38336.44677997593,1866.1433600236583,0
303,Vendor_A,2023-01-25,13619.798202087699,498.4677067047485,0
304,Vendor_E,2023-03-30,1536.7755710301842,121.56081539212238,0
305,Vendor_C,2023-09-25,4567.497540083154,210.50478107789826,0
306,Vendor_D,2023-05-23,48409.07172482901,2691.6262645210977,0
307,Vendor_A,2023-02-28,15124.516485132302,671.0246889776779,0
308,Vendor_D,2023-12-31,38576.545817987615,2713.149696129939,0
309,Vendor_E,2023-01-26,31420.846658286056,2232.025519811203,0
310,Vendor_E,2023-02-16,19406.012162818348,1027.0006465395827,0
311,Vendor_A,2023-10-15,10681.519478679978,491.2650032216899,1
312,Vendor_C,2023-09-23,6508.627698890618,341.68092233935516,0
313,Vendor_B,2023-01-16,30943.1419179239,2136.938734640473,0
314,Vendor_A,2023-07-18,38844.37214157051,1594.9182291584002,0
315,Vendor_B,2023-10-09,32373.26055028597,1081.5938591557779,0
316,Vendor_B,2023-03-27,26749.955595833337,691.3851764449814,0
317,Vendor_C,2023-09-07,2576.585559865995,158.8927684177129,0
318,Vendor_B,2023-09-27,48440.194490922,2443.9162350263264,0
319,Vendor_B,2023-12-01,40036.35248690144,2889.7424186512126,0
320,Vendor_C,2023-04-27,14994.690816697754,553.7982617689217,0
321,Vendor_B,2023-01-07,49008.53130326311,2119.825980578335,0
322,Vendor_B,2023-05-17,30293.138686997943,2121.285990532498,0
323,Vendor_B,2023-06-25,29329.9215812587,2092.0413867476404,0
324,Vendor_A,2023-11-24,37529.62238176184,1670.1616789463856,0
325,Vendor_A,2023-11-11,40682.60451046181,1947.477882177067,0
326,Vendor_A,2023-08-03,32995.691062909376,1292.5351177899217,1
327,Vendor_C,2023-03-23,6840.739445126901,568.2951301124743,1
328,Vendor_E,2023-08-11,17244.24154672767,528.3659543925683,0
329,Vendor_B,2023-04-13,46440.14019613946,3536.687494235946,0
330,Vendor_B,2023-09-30,11618.47278627067,755.8560018213611,0
331,Vendor_C,2023-01-14,18922.26767995691,1034.8193628576723,0
332,Vendor_B,2023-06-08,21887.8057057377,547.6384645040537,0
333,Vendor_A,2023-06-01,22250.546989875384,1143.8046163427393,1
334,Vendor_E,2023-04-18,30840.509333479014,1432.971167328465,1
335,Vendor_D,2023-07-07,47182.253968363024,1434.0462850985016,0
336,Vendor_B,2023-10-28,12414.289235708995,749.0572624689665,0
337,Vendor_A,2023-04-08,6514.318126895444,552.0084649858917,0
338,Vendor_D,2023-05-11,10274.789248066898,622.1107145440669,0
339,Vendor_E,2023-10-20,44402.78256035884,2870.14680085234,0
340,Vendor_D,2023-06-20,32467.635226432696,846.9091460744696,0
341,Vendor_A,2023-07-02,14652.386067338426,718.8236220205652,0
342,Vendor_D,2023-12-30,40889.37347894655,1160.8497959867825,0
343,Vendor_C,2023-02-08,43137.81481999008,2487.714318014691,0
344,Vendor_D,2023-01-15,42402.459765168765,3283.085106672569,1
345,Vendor_B,2023-01-04,45986.863415157946,2829.103590481656,0
346,Vendor_B,2023-12-15,12985.930498581398,350.7089927052065,0
347,Vendor_C,2023-07-29,37874.57547294078,1645.7570021775527,0
348,Vendor_A,2023-06-10,23296.70511506993,1279.2120813216402,0
349,Vendor_B,2023-01-16,42178.92836805805,1940.4994733464546,0
350,Vendor_E,2023-04-18,36560.28851949985,2581.7654029315613,0
351,Vendor_B,2023-11-07,38934.14860173637,2743.5123735922957,1
352,Vendor_B,2023-08-15,32980.010965213034,1905.5564416970115,0
353,Vendor_A,2023-06-19,9282.72408875049,415.35156174164337,1
354,Vendor_D,2023-02-03,27478.83248539845,1024.9280570803442,0
355,Vendor_B,2023-09-08,49241.15210646315,1367.8148823392294,0
356,Vendor_C,2023-09-04,46900.70929160739,1969.8125419483438,0
357,Vendor_D,2023-09-26,2637.0999219520777,138.13631200274676,0
358,Vendor_E,2023-05-21,8658.333378607138,572.4197837128344,0
359,Vendor_A,2023-10-01,7020.574286000815,465.90237545701416,0
360,Vendor_E,2023-04-06,36436.00554427213,942.954137316579,0
361,Vendor_D,2023-08-15,40980.37382791878,1860.471838305832,1
362,Vendor_D,2023-02-08,11068.81263237826,390.9125223274121,1
363,Vendor_D,2023-10-29,25539.708301115534,838.2012774201963,1
364,Vendor_E,2023-01-29,42114.7998865544,2987.280561535816,0
365,Vendor_D,2023-11-14,36773.676465929406,871.0275963098283,0
366,Vendor_E,2023-09-02,27340.74167184649,1252.2297296529682,0
367,Vendor_D,2023-08-24,29722.21067770926,939.1540927550623,0
368,Vendor_C,2023-07-04,25663.847072355857,1910.568973415337,0
369,Vendor_D,2023-09-29,15228.648340281617,882.7575080085908,0
370,Vendor_E,2023-08-24,28468.588646521297,1023.8462548787315,0
371,Vendor_B,2023-08-27,34599.822451479486,1761.4427624410446,0
372,Vendor_D,2023-09-23,43729.48433510998,2847.286052909462,1
373,Vendor_B,2023-12-25,31996.42202197278,2542.7399534883452,0
374,Vendor_C,2023-12-06,38175.51608363632,1349.0093476991442,0
375,Vendor_A,2023-03-06,8423.545930251363,684.1085695582935,0
376,Vendor_C,2023-06-26,23347.0949837796,1840.9560465940888,1
377,Vendor_D,2023-01-03,961.9151814411182,123.33115358332148,0
378,Vendor_B,2023-05-22,12710.603793820339,796.5683240834899,0
379,Vendor_B,2023-06-07,36459.85489809374,2181.977376326711,0
380,Vendor_E,2023-11-20,49594.59259179349,2215.0603287721233,0
381,Vendor_B,2023-05-26,5409.315929567188,395.3950030541145,0
382,Vendor_E,2023-10-20,20373.96863513377,1091.502057682515,0
383,Vendor_A,2023-06-02,40103.5129506084,2489.7121091510353,0
384,Vendor_D,2023-07-12,10599.763914130494,559.0928794720529,0
385,Vendor_E,2023-03-14,27976.704990463168,1825.4862606409527,0
386,Vendor_A,2023-11-01,36787.0291534689,2557.7259609793873,1
387,Vendor_B,2023-12-10,30991.279787878862,933.8760008251377,0
388,Vendor_B,2023-05-20,9807.2243634631,754.5376778875276,0
389,Vendor_A,2023-07-06,18091.536149944102,1009.0709752523056,0
390,Vendor_B,2023-10-20,39297.693332027164,2836.1229034034886,0
391,Vendor_A,2023-03-02,27934.21244953482,1325.9687926398137,0
392,Vendor_E,2023-07-17,758.8658703741805,56.855155953922804,0
393,Vendor_E,2023-10-22,38169.04262139065,2919.306264896951,0
394,Vendor_A,2023-11-15,2247.912069541834,112.14899087134619,0
395,Vendor_E,2023-10-29,37413.82224519599,2737.0709720990885,0
396,Vendor_E,2023-12-10,10522.787728179252,577.4606431659706,0
397,Vendor_E,2023-01-11,47924.63726590932,2475.1500355266817,1
398,Vendor_C,2023-03-03,18713.06718945318,758.3768994809634,0
399,Vendor_D,2023-11-29,16683.115008734916,955.4111523095617,0
400,Vendor_B,2023-08-14,7869.958491456012,356.1730483277175,0
401,Vendor_C,2023-06-02,15627.408666765637,421.70559991344027,0
402,Vendor_E,2023-07-18,43894.21271049593,1647.9624560014036,0
403,Vendor_A,2023-02-21,49818.549712548745,1050.8060409369891,0
404,Vendor_E,2023-09-17,18731.32176008899,1561.9879476180151,1
405,Vendor_D,2023-02-28,22706.226232249857,1820.819169035277,0
406,Vendor_E,2023-03-13,36242.51144103549,1649.5122457176356,0
407,Vendor_A,2023-05-28,44366.69113302119,2864.093575998439,0
408,Vendor_D,2023-12-15,29855.694542245816,1273.8330780990534,0
409,Vendor_E,2023-03-04,19880.52205980255,1254.333579836732,0
410,Vendor_D,2023-11-06,20924.781122006876,1441.9094781877557,0
411,Vendor_B,2023-08-31,34933.09825159194,2773.355202209587,0
412,Vendor_B,2023-11-26,659.3040484117947,104.83066460819404,0
413,Vendor_E,2023-04-17,31169.672204262115,2130.3580197823044,0
414,Vendor_D,2023-08-14,18096.90401684719,678.6415843141272,0
415,Vendor_A,2023-11-09,39812.76789821567,3218.8787994228887,0
416,Vendor_E,2023-08-06,5103.036671245042,161.68487986305408,1
417,Vendor_B,2023-08-29,29616.01221394533,1721.880613538474,0
418,Vendor_B,2023-09-16,24308.158049363126,1501.8772470999943,1
419,Vendor_E,2023-09-19,32295.113532308755,2039.2576532988705,0
420,Vendor_D,2023-01-05,3710.252926906933,179.9512745199022,0
421,Vendor_B,2023-09-18,29209.197477692498,2290.3681207061813,0
422,Vendor_D,2023-02-23,28293.487103996424,902.4550382575278,0
423,Vendor_B,2023-02-16,28252.67467360046,1697.9717087430233,0
424,Vendor_B,2023-08-03,30372.639496524513,1096.0606977425575,0
425,Vendor_C,2023-06-26,33985.16289270493,1419.192391091204,0
426,Vendor_B,2023-01-09,40346.9554841981,2157.3455364430365,0
427,Vendor_A,2023-04-09,13856.12564634661,678.8212187775164,0
428,Vendor_E,2023-01-20,41339.94580391307,1232.580001660572,0
429,Vendor_E,2023-08-29,25163.656272040953,822.4192010622529,1
430,Vendor_D,2023-03-02,4314.384817149393,233.56594190483628,0
431,Vendor_B,2023-06-27,3398.2709975769703,310.8415027699792,0
432,Vendor_A,2023-12-04,17044.796775455008,1293.7411311325554,0
433,Vendor_D,2023-03-03,39352.400367017646,1001.9018734113562,0
434,Vendor_C,2023-05-25,35530.20626967533,1589.2026258395101,0
435,Vendor_D,2023-08-04,39536.44075128412,1039.020227043855,0
436,Vendor_D,2023-01-03,26104.818293859662,613.1069764848407,0
437,Vendor_B,2023-06-09,22289.85039879678,1339.4719735841695,0
438,Vendor_C,2023-08-15,7798.900071961056,488.45373284125145,0
439,Vendor_D,2023-09-26,16745.541303660924,507.1451878964972,0
440,Vendor_A,2023-04-30,21983.958625606825,791.6811153526337,1
441,Vendor_A,2023-03-30,4885.721269141053,187.53175707238654,0
442,Vendor_E,2023-11-25,11420.291659204957,857.739227556912,0
443,Vendor_C,2023-03-09,30112.15205615507,2395.975055178907,0
444,Vendor_C,2023-12-23,36915.324154839895,1087.7143759564447,0
445,Vendor_E,2023-04-08,49918.201813951004,1742.013959859725,1
446,Vendor_D,2023-09-24,46689.109901506105,3425.9508671313706,0
447,Vendor_C,2023-04-15,32306.97737699198,2464.6770779445746,0
448,Vendor_A,2023-11-19,21351.778638056563,1026.4743775275601,1
449,Vendor_A,2023-05-03,31990.77955305752,732.894899476538,0
450,Vendor_B,2023-01-29,39389.755094971486,918.2954917662738,0
451,Vendor_C,2023-05-17,6357.641450707672,386.32539971402997,0
452,Vendor_D,2023-07-14,20790.29203996627,968.5766206185626,0
453,Vendor_E,2023-08-14,42070.21313896305,964.181703941236,0
454,Vendor_E,2023-11-28,19499.73112068568,1094.27925087208,1
455,Vendor_D,2023-06-19,28807.677425745733,625.9896756875293,1
456,Vendor_B,2023-01-09,29594.58336267881,2043.9819706175829,0
457,Vendor_E,2023-02-09,9631.574530115147,418.1359779854769,0
458,Vendor_C,2023-01-25,18430.654361788274,451.54948536858996,0
459,Vendor_B,2023-09-18,17058.308792725642,983.7271319292682,1
460,Vendor_C,2023-08-14,1796.7370723372073,142.7301612200849,0
461,Vendor_A,2023-05-04,1697.4923126220847,172.77711773717556,0
462,Vendor_B,2023-02-07,41669.00366195079,2242.1912120001634,0
463,Vendor_E,2023-11-24,14017.005093654214,605.2205737888328,0
464,Vendor_B,2023-09-08,26144.898928821363,1657.3167705607316,0
465,Vendor_B,2023-06-25,15286.915892644267,567.7179877251516,0
466,Vendor_B,2023-03-31,47063.62263320936,3560.3621480851675,0
467,Vendor_B,2023-02-06,13335.1895638558,602.9502406786808,0
468,Vendor_C,2023-11-12,21768.012230577286,1197.1682300400366,0
469,Vendor_A,2023-06-25,43700.14739898779,1040.9829459097205,0
470,Vendor_D,2023-10-11,42175.711556194525,1966.6362134990493,1
471,Vendor_B,2023-03-22,9712.020183390727,761.2470557361091,0
472,Vendor_E,2023-04-24,40230.843834887666,2815.3753223303,0
473,Vendor_B,2023-02-09,23180.250893525685,842.835116566184,0
474,Vendor_E,2023-10-28,24406.959168225083,840.8888015453525,0
475,Vendor_C,2023-08-12,7107.258634589217,517.6501122001167,0
476,Vendor_E,2023-11-14,4489.77493097767,333.65069559169285,1
477,Vendor_D,2023-12-15,36532.995695201374,973.5015050637969,0
478,Vendor_A,2023-04-25,25074.827041587338,1247.739157090543,0
479,Vendor_E,2023-07-05,22124.109779451388,950.7736567050081,0
480,Vendor_E,2023-11-19,36610.65731829364,2690.371481531631,1
481,Vendor_A,2023-02-25,38392.88850005993,1009.8175285040563,0
482,Vendor_D,2023-02-09,8365.954299633002,309.5175743556009,0
483,Vendor_B,2023-12-20,30706.144899143244,2054.5421839878004,0
484,Vendor_E,2023-02-09,7200.0270727454335,231.47713312432506,0
485,Vendor_A,2023-12-13,37693.06675843776,1885.4537385899214,0
486,Vendor_C,2023-08-25,33019.28023522341,1592.2619227844136,1
487,Vendor_A,2023-10-16,47852.42374363117,1985.811587332084,0
488,Vendor_C,2023-09-19,3913.4218096428485,212.61410466861065,0
489,Vendor_D,2023-08-04,3324.208696987089,236.1961726597488,0
490,Vendor_B,2023-05-27,14468.260197313408,535.7405885466943,1
491,Vendor_A,2023-12-02,13454.431344927345,778.7545274756901,0
492,Vendor_E,2023-06-17,12725.450554063991,927.3445089504801,0
493,Vendor_D,2023-04-02,45359.601735791315,3011.266714866025,0
494,Vendor_A,2023-12-19,12852.536892550552,429.35601327325645,0
495,Vendor_E,2023-02-28,13961.511443367235,463.46055214971557,0
496,Vendor_A,2023-02-28,38090.213989689204,1428.590269836388,0
497,Vendor_C,2023-10-31,22762.12220130173,977.9781603184337,1
498,Vendor_A,2023-06-18,38947.17256928147,1787.5620877722806,0
499,Vendor_A,2023-09-26,3735.624799437069,306.3020415217541,0
500,Vendor_A,2023-12-29,24634.774086832524,635.4467755199045,0
501,Vendor_D,2023-02-14,2163.87320907249,117.0188481085394,0
502,Vendor_A,2023-12-11,3601.333571040049,201.97047205105466,0
503,Vendor_E,2023-06-30,45368.65394054834,2870.133780910822,0
504,Vendor_C,2023-06-19,7392.645870320961,289.23821352763133,0
505,Vendor_C,2023-12-22,26854.823772623247,1601.7276484678043,0
506,Vendor_A,2023-07-10,20849.232328734975,798.3880994782711,0
507,Vendor_D,2023-06-04,17693.494649812714,1324.7135492613672,0
508,Vendor_D,2023-07-07,45041.75061151999,3358.7839924268947,0
509,Vendor_E,2023-01-07,1580.2581403867302,113.57916042948482,0
510,Vendor_A,2023-05-13,33357.58946569166,1183.4189082441799,0
511,Vendor_C,2023-08-23,48188.024493570745,2179.1713933837013,0
512,Vendor_D,2023-02-14,28228.325081361178,1043.0344437789024,0
513,Vendor_A,2023-11-10,46872.71187063804,2889.8816121638265,0
514,Vendor_D,2023-09-06,3086.7650246581766,250.63278636308206,0
515,Vendor_D,2023-01-31,21230.26929417099,1301.2493218963882,0
516,Vendor_C,2023-01-23,13377.810652621532,976.3383731531424,0
517,Vendor_B,2023-06-09,36675.637766546126,1648.1903252904538,1
518,Vendor_E,2023-12-29,49074.20597961371,1494.0148018538875,0
519,Vendor_E,2023-06-07,13198.238090990266,891.0815667902092,0
520,Vendor_C,2023-02-08,32881.64277296669,1378.6633526540247,0
521,Vendor_D,2023-03-23,10305.832821607137,663.4300118361417,0
522,Vendor_A,2023-12-22,28483.84760129469,1076.1034176618627,0
523,Vendor_D,2023-09-15,23464.65809107264,646.32791877301,0
524,Vendor_C,2023-07-25,48614.263816761086,3903.5392787763917,0
525,Vendor_E,2023-03-18,30622.099998475096,983.008585182758,0
526,Vendor_D,2023-01-12,17800.56541829753,1423.4456511848523,0
527,Vendor_E,2023-10-22,6147.741351952702,559.6620322274442,0
528,Vendor_A,2023-08-12,7986.71802237926,585.6480624484194,1
529,Vendor_E,2023-01-13,11653.188032586137,761.3182443073799,0
530,Vendor_E,2023-02-15,12922.849736344751,758.0678456277917,0
531,Vendor_B,2023-06-04,42605.49486313632,3138.9421045362224,0
532,Vendor_B,2023-04-23,28280.528019984984,1098.993471183702,1
533,Vendor_B,2023-08-21,26407.850113031138,1297.2119153559447,0
534,Vendor_E,2023-01-17,6181.059157526265,431.74043142991036,0
535,Vendor_C,2023-12-26,43076.91482079703,1972.0377097474814,0
536,Vendor_E,2023-08-11,36279.30800881994,1710.552093901229,0
537,Vendor_C,2023-12-20,3849.5839140500784,227.97422914630164,0
538,Vendor_C,2023-07-07,35537.83731287355,1943.2123519005102,0
539,Vendor_B,2023-12-10,27405.14175846098,2008.6195841054223,0
540,Vendor_D,2023-12-31,4545.404614465524,184.07187832019144,0
541,Vendor_A,2023-06-12,23185.881755668495,1811.0134847081197,0
542,Vendor_B,2023-11-22,24492.466212937325,1553.9422681972785,0
543,Vendor_B,2023-03-15,8705.83973808215,624.1494365476061,0
544,Vendor_D,2023-08-21,47312.05827651398,2559.5360124278177,0
545,Vendor_A,2023-08-12,42573.780888292764,2919.715470325687,0
546,Vendor_E,2023-11-15,33616.60569779086,772.7320798980177,1
547,Vendor_E,2023-03-01,23383.63026953006,1664.622130215993,0
548,Vendor_B,2023-12-01,20882.39430843317,522.8020842895968,0
549,Vendor_A,2023-08-10,32723.18662397223,2445.8269720001867,0
550,Vendor_B,2023-02-06,27498.87753564182,2263.7809448034523,1
551,Vendor_C,2023-10-05,3582.518741153338,180.8534549318859,0
552,Vendor_B,2023-07-15,25868.881114131418,898.4568078445025,0
553,Vendor_B,2023-12-18,40416.979053025556,2737.2806866435685,0
554,Vendor_E,2023-08-30,23232.373941049424,851.8042032757569,0
555,Vendor_E,2023-11-20,3071.8505889362864,302.1454944591813,0
556,Vendor_E,2023-08-07,39420.77086950964,1051.0542448593044,0
557,Vendor_C,2023-07-11,10467.507215730733,371.0492025544535,0
558,Vendor_E,2023-01-17,13301.731326957919,1090.045769719404,1
559,Vendor_A,2023-01-12,8652.964494898646,568.0475586621856,0
560,Vendor_D,2023-07-12,16845.64571113913,1205.0944392003303,0
561,Vendor_A,2023-01-22,37959.19953158744,1538.765109214702,0
562,Vendor_A,2023-04-30,26209.6000454449,1617.2179810190382,0
563,Vendor_E,2023-07-29,10641.623070460271,630.1013868369141,0
564,Vendor_D,2023-11-02,43952.58886852602,2516.9061134007015,0
565,Vendor_D,2023-09-27,44039.30182010069,2753.437047947315,0
566,Vendor_D,2023-07-11,43593.632039777345,2430.944472869587,1
567,Vendor_C,2023-06-24,12320.412463386194,619.7353040753408,1
568,Vendor_E,2023-10-12,22836.34753695891,862.880555494763,0
569,Vendor_D,2023-07-23,49256.98797897332,3289.0047604467054,0
570,Vendor_C,2023-06-13,38714.61757734452,1385.8698876661051,1
571,Vendor_B,2023-09-08,1844.787350665211,148.82651428837443,0
572,Vendor_B,2023-08-15,3727.6272673943563,209.8633779141763,1
573,Vendor_C,2023-01-07,23464.60315221047,1394.8182956917274,0
574,Vendor_C,2023-01-29,45506.40019014723,2999.984318365933,0
575,Vendor_E,2023-02-02,27165.738998659355,971.2135484627951,0
576,Vendor_E,2023-05-14,25141.719147697368,668.6968894951768,0
577,Vendor_B,2023-03-20,5720.948147853214,207.1603512954779,0
578,Vendor_D,2023-02-27,33010.615183852555,1902.7074039565512,0
579,Vendor_B,2023-01-26,41194.10644971116,2972.294860907031,0
580,Vendor_D,2023-08-14,19330.790371624335,495.56440511861564,0
581,Vendor_D,2023-10-12,38892.78662080371,2558.8731020715377,0
582,Vendor_E,2023-01-04,48241.59436809018,2002.8618246329786,1
583,Vendor_A,2023-04-09,10586.43972682061,578.0612252404798,0
584,Vendor_A,2023-02-08,26404.816744139694,2082.4455012111875,0
585,Vendor_C,2023-09-28,14713.32892518649,644.9571273270814,0
586,Vendor_E,2023-10-12,39746.29374217505,1960.8840398901114,0
587,Vendor_D,2023-06-06,29090.871611117298,625.3212179885264,1
588,Vendor_A,2023-03-16,31911.829668740036,791.8598578771163,0
589,Vendor_D,2023-10-15,39996.75090098676,1478.2719399468049,0
590,Vendor_A,2023-05-10,20100.53839679152,483.7049854738543,0
591,Vendor_A,2023-06-24,45796.95838614864,2690.5476862090445,0
592,Vendor_A,2023-03-25,26884.928928683927,1280.3905537325593,0
593,Vendor_E,2023-01-22,8318.763730349727,488.76062590820044,1
594,Vendor_B,2023-01-27,34947.006349355725,1137.6995108647607,0
595,Vendor_D,2023-07-14,39766.43684669359,1553.140695869355,0
596,Vendor_E,2023-12-03,16179.703014842571,1003.0845660215034,0
597,Vendor_E,2023-08-24,42930.37322143827,3414.8591610353874,0
598,Vendor_E,2023-04-02,45354.091110905436,1089.935617327534,0
599,Vendor_E,2023-01-21,14206.772125201542,1103.635405192063,0
600,Vendor_E,2023-10-30,49184.31289940349,2726.5483745286692,0
601,Vendor_C,2023-12-23,7465.220638413542,438.89491434728046,0
602,Vendor_D,2023-03-25,10499.775585923253,576.8476173303322,0
603,Vendor_E,2023-09-19,9619.129542282293,282.6898058233559,0
604,Vendor_D,2023-05-27,44752.49064538959,1195.9791316087044,0
605,Vendor_C,2023-09-14,32887.48134008561,1888.1256541243138,0
606,Vendor_C,2023-02-27,8029.162019502507,338.11274143429523,1
607,Vendor_D,2023-01-15,22296.009209233274,1714.3497420979918,0
608,Vendor_A,2023-06-11,30957.2522409552,1440.2369635913424,0
609,Vendor_B,2023-06-12,4631.472206974473,176.4981681799899,0
610,Vendor_A,2023-11-16,44179.610236163266,2823.2245062268876,0
611,Vendor_A,2023-10-08,40278.37500435599,1584.2429772619514,0
612,Vendor_A,2023-10-07,25507.73529204359,1350.1286915274682,0
613,Vendor_E,2023-01-12,48372.76745532894,3011.9654680984827,0
614,Vendor_C,2023-10-01,21179.168474117436,1614.3814640328535,0
615,Vendor_A,2023-09-28,49213.46079230664,3363.773955144128,0
616,Vendor_C,2023-07-27,33562.03994077954,2063.9193028804857,0
617,Vendor_D,2023-01-27,31916.2280260701,1986.296648807854,0
618,Vendor_B,2023-03-13,8714.767317141357,728.7362496251268,0
619,Vendor_D,2023-03-01,44155.42403607988,1716.6570173932523,1
620,Vendor_D,2023-05-25,21660.73955207045,490.79973945959284,0
621,Vendor_E,2023-04-03,8530.553586232727,396.0746022129616,0
622,Vendor_B,2023-11-05,1124.0722388000725,80.31940659958642,0
623,Vendor_D,2023-01-08,28207.906340099937,1739.8631788669657,1
624,Vendor_D,2023-03-20,26606.281295072476,1583.5839036481898,0
625,Vendor_B,2023-01-27,36108.004307273346,2040.955261521881,0
626,Vendor_B,2023-06-23,44567.7736243812,973.0933654096341,0
627,Vendor_D,2023-02-19,4430.625939829961,322.7739245118364,0
628,Vendor_B,2023-07-18,36709.07627184794,1503.9611966794412,0
629,Vendor_D,2023-12-15,9776.89123283032,682.6501444862353,0
630,Vendor_D,2023-06-30,42979.76413127962,2330.5709885549254,0
631,Vendor_E,2023-01-24,41043.64393615198,1706.5559367609833,0
632,Vendor_A,2023-11-12,27269.290871784448,814.3113194995163,1
633,Vendor_D,2023-02-15,35657.01853185392,973.0581306294927,0
634,Vendor_C,2023-01-15,16060.330602595546,1177.7451882050955,0
635,Vendor_A,2023-06-02,23822.810997174325,1864.8667997391533,0
636,Vendor_A,2023-08-10,41171.02643666835,2430.039138416507,0
637,Vendor_A,2023-07-25,23233.62726007409,611.122928036218,1
638,Vendor_E,2023-09-30,18211.01413360937,843.5821189628278,0
639,Vendor_D,2023-08-24,24963.516138889845,1663.029455694344,0
640,Vendor_E,2023-12-06,41498.33799564231,2790.330036523357,0
641,Vendor_D,2023-08-16,17092.7983448582,452.94454438900107,0
642,Vendor_E,2023-01-09,9101.198860219318,243.4643400280054,0
643,Vendor_E,2023-06-15,35744.69400637365,2297.0742723378326,0
644,Vendor_C,2023-11-15,41385.92152905005,1741.397943860478,0
645,Vendor_E,2023-08-02,5481.555186914899,223.61751952218452,0
646,Vendor_B,2023-04-27,12373.768581419265,287.65591562337784,0
647,Vendor_C,2023-12-10,7527.613493169198,446.7928824942134,1
648,Vendor_E,2023-03-13,17723.09987331725,1297.037461414811,0
649,Vendor_A,2023-03-05,22792.373455817928,1825.3306343931422,0
650,Vendor_B,2023-07-24,37566.90367968367,2019.4427043529959,0
651,Vendor_B,2023-07-28,32731.805451642867,1697.8539572488671,0
652,Vendor_B,2023-03-13,31235.964090182344,811.6072947523844,0
653,Vendor_C,2023-10-04,17942.559857177894,994.6153693154091,0
654,Vendor_E,2023-10-01,42151.653877695615,1843.2769194230027,0
655,Vendor_E,2023-11-16,23828.714786209144,1410.566378011282,0
656,Vendor_A,2023-12-04,48965.69443175015,2134.1824872633933,0
657,Vendor_A,2023-04-05,31890.035845638973,1148.4994060698637,1
658,Vendor_B,2023-06-15,6750.104707442885,234.6303556948522,0
659,Vendor_A,2023-02-01,33970.78932273398,1408.430423284266,0
660,Vendor_C,2023-01-11,16592.6487638691,468.4332832662529,0
661,Vendor_E,2023-10-28,34473.19623596182,1111.8452947641958,0
662,Vendor_B,2023-08-05,3947.236834039084,326.70245999296463,0
663,Vendor_A,2023-10-16,9156.63114020999,429.2830462368891,0
664,Vendor_C,2023-04-12,42858.994315836426,2291.8047148759056,0
665,Vendor_C,2023-09-24,11745.388072663987,900.4558744296194,0
666,Vendor_A,2023-08-02,41933.535699525535,3417.1044095902976,0
667,Vendor_E,2023-06-28,14324.166378493317,809.8291932043915,0
668,Vendor_A,2023-03-29,32322.65454790603,2282.5297725583746,1
669,Vendor_B,2023-02-10,34860.453388736634,1468.4241649708783,0
670,Vendor_A,2023-03-17,25876.41028068012,1050.6156828054425,0
671,Vendor_C,2023-02-15,15612.878496488198,745.0310559998901,0
672,Vendor_A,2023-06-09,11025.896630369258,715.5887879086066,0
673,Vendor_E,2023-03-21,2142.8730508400977,149.1508430589937,0
674,Vendor_D,2023-11-06,15545.346861415828,682.0487773038639,0
675,Vendor_A,2023-03-27,32831.55813129851,956.8233719073241,0
676,Vendor_E,2023-04-02,46946.088513199895,2780.3232732784195,0
677,Vendor_E,2023-05-28,43624.621872021075,1227.1217841721527,0
678,Vendor_C,2023-06-10,38420.20643849748,2128.363030837498,0
679,Vendor_E,2023-07-21,39528.14349103828,2513.8459804654644,0
680,Vendor_E,2023-08-30,33416.75272206176,2116.1186764169015,0
681,Vendor_E,2023-12-19,13384.19944951715,951.8267590341959,0
682,Vendor_E,2023-01-02,45406.15401993858,3334.5498272195046,1
683,Vendor_B,2023-08-13,33701.24943933878,1698.1415951863612,1
684,Vendor_B,2023-10-16,28241.81123353178,1870.0911625132933,0
685,Vendor_C,2023-08-21,5993.978726067313,380.76022037885804,0
686,Vendor_A,2023-03-18,22629.249418418058,769.9700695859194,0
687,Vendor_E,2023-04-26,23287.734424495353,552.1541234714114,1
688,Vendor_A,2023-06-03,43295.89867137216,1624.2241089934066,1
689,Vendor_A,2023-04-13,27559.08689929553,1337.0438980298477,0
690,Vendor_C,2023-07-13,19329.82717403528,1196.2340815563064,0
691,Vendor_E,2023-06-15,48851.61626127764,3528.205277481944,0
692,Vendor_E,2023-12-25,5980.669369652626,238.88387714274876,0
693,Vendor_D,2023-03-31,21416.147201441257,661.1573789625116,0
694,Vendor_A,2023-06-23,2580.221420984562,254.97729367349388,1
695,Vendor_A,2023-05-02,37125.25397796305,1037.3666666316904,0
696,Vendor_B,2023-05-23,45944.78933385796,2266.1135680864013,0
697,Vendor_D,2023-04-16,14361.847812749227,846.5005462264983,1
698,Vendor_B,2023-11-01,42987.91300155648,2326.8205187936865,0
699,Vendor_B,2023-12-26,14964.80240786394,409.82205895849734,0
700,Vendor_B,2023-11-13,45583.1230013738,1146.1202665773599,0
701,Vendor_C,2023-05-03,37821.1142280408,1043.9582096280587,0
702,Vendor_C,2023-01-09,40342.885453651215,2256.560130054757,0
703,Vendor_B,2023-09-19,1391.3245022224978,143.22075437236583,0
704,Vendor_D,2023-03-14,48159.11267516429,1682.8513172173027,0
705,Vendor_A,2023-12-25,36470.214107481,2190.1801502187627,0
706,Vendor_D,2023-08-11,15585.1792216136,1122.7223513885976,0
707,Vendor_E,2023-02-10,41555.035910512925,983.5731055124791,0
708,Vendor_C,2023-07-23,14435.299321539032,780.0164806857065,0
709,Vendor_A,2023-09-21,43701.31505852333,2737.2705318674793,0
710,Vendor_A,2023-11-24,6072.729325390882,223.4772732185013,0
711,Vendor_E,2023-06-27,35332.45588430939,1386.6823589089493,0
712,Vendor_E,2023-12-14,27264.574593923062,1617.714274357032,0
713,Vendor_B,2023-11-14,5278.45627467432,437.3091247512327,0
714,Vendor_C,2023-03-25,12473.74449881253,895.1676808532552,0
715,Vendor_C,2023-11-14,1113.999795727082,84.08493230694563,0
716,Vendor_D,2023-04-21,23704.01429049304,1541.0367213611164,1
717,Vendor_B,2023-09-08,15412.63040762002,655.1890692156276,0
718,Vendor_B,2023-01-07,30118.695472739062,1808.6510280405419,0
719,Vendor_B,2023-03-25,15213.27148157655,767.8255043521206,0
720,Vendor_B,2023-07-27,15345.996019595743,512.4737142155159,0
721,Vendor_C,2023-11-10,37288.06333721437,2364.386470389887,0
722,Vendor_C,2023-01-22,2883.0703809284955,211.200423074095,0
723,Vendor_B,2023-01-03,45193.302262003366,1968.1676169386542,0
724,Vendor_D,2023-05-07,42687.06178236348,3207.647105950542,0
725,Vendor_A,2023-10-24,33556.33181970712,786.4625895089553,0
726,Vendor_A,2023-07-07,29864.467720315522,1232.575210572585,0
727,Vendor_D,2023-12-28,44668.973657912786,1080.247637908019,0
728,Vendor_B,2023-01-14,9673.843886671366,692.4575323449797,1
729,Vendor_C,2023-01-12,4408.973528446017,314.7611963409083,0
730,Vendor_A,2023-03-28,12355.753410522137,546.4752182229371,0
731,Vendor_E,2023-01-12,39831.624795659416,2491.5801887247862,0
732,Vendor_E,2023-01-25,2216.1782029609244,159.08373573802115,0
733,Vendor_D,2023-10-28,29348.93833663274,1978.865687675428,0
734,Vendor_B,2023-08-31,49774.15705146984,2393.273492186421,0
735,Vendor_A,2023-05-02,42856.9566449582,1937.6012648772885,0
736,Vendor_B,2023-05-27,26311.561607657677,2047.7140934158103,0
737,Vendor_A,2023-02-24,3650.225009688796,202.08257318080905,0
738,Vendor_D,2023-08-26,41652.98896209263,1153.5359255134813,0
739,Vendor_D,2023-12-22,30149.436154771924,1689.3056521075634,1
740,Vendor_E,2023-06-22,6189.183354448558,536.2676473552415,0
741,Vendor_B,2023-08-09,5145.935598756132,249.88579190966277,0
742,Vendor_E,2023-04-29,45526.527562111325,1114.1391880525166,0
743,Vendor_B,2023-11-05,33625.41301543488,1398.5930737699387,0
744,Vendor_E,2023-07-02,41549.6965661794,2114.959986451954,0
745,Vendor_C,2023-10-15,44009.45556397223,1338.2752762650287,0
746,Vendor_C,2023-11-03,28802.73142639195,1777.4316731312238,0
747,Vendor_C,2023-10-27,26113.594411874543,2109.4138647513523,0
748,Vendor_C,2023-03-23,21806.156810889013,1045.2078045830951,0
749,Vendor_A,2023-07-30,16188.856095660405,705.7355957981335,0
750,Vendor_C,2023-05-30,22012.50006250623,1034.1191411497337,1
751,Vendor_D,2023-02-06,38807.04295864274,1090.3113845032838,0
752,Vendor_D,2023-12-18,30295.209835249014,2252.1501209712815,0
753,Vendor_A,2023-11-08,44679.902852764884,2056.547432377321,0
754,Vendor_C,2023-12-27,22447.31071176979,985.6282082164737,0
755,Vendor_C,2023-02-28,30550.934146578325,1880.1620411332995,0
756,Vendor_C,2023-05-11,31749.723878053443,1534.7295217552144,0
757,Vendor_E,2023-07-21,29789.009534163113,1796.208000162181,0
758,Vendor_B,2023-08-31,35280.37176773306,905.7968031643197,0
759,Vendor_E,2023-02-04,12252.956684552912,870.7402247422782,0
760,Vendor_B,2023-04-03,25862.006988516638,2049.197507761082,0
761,Vendor_C,2023-07-26,5659.12773901321,386.5591996677411,0
762,Vendor_C,2023-12-19,19533.310718418223,1552.6851359476805,0
763,Vendor_E,2023-11-28,24639.519896752587,766.2660966034857,0
764,Vendor_E,2023-11-01,32785.100847500886,1642.684996734378,0
765,Vendor_B,2023-12-16,47551.28710301707,2742.4324871708336,0
766,Vendor_D,2023-08-01,30232.227794143615,1688.3426637957755,0
767,Vendor_B,2023-06-08,37307.89885073971,1679.5693190333845,0
768,Vendor_E,2023-01-24,25560.169945012538,1100.4191542913502,0
769,Vendor_E,2023-10-20,31888.1495531284,918.5032962399158,0
770,Vendor_A,2023-01-04,4011.1446986217848,242.51369474694687,0
771,Vendor_E,2023-08-08,13092.383251671426,473.6134485770193,0
772,Vendor_A,2023-12-30,18411.728113654364,1221.4551320287294,0
773,Vendor_D,2023-01-20,23888.42107282242,840.7141471955255,1
774,Vendor_B,2023-06-01,2759.612902367995,91.81546674622194,1
775,Vendor_B,2023-02-19,7431.192828889225,460.0028794752608,0
776,Vendor_A,2023-06-26,14202.308235669636,845.2528125400996,0
777,Vendor_B,2023-04-06,48590.86819960201,3573.2988881667975,0
778,Vendor_E,2023-04-15,16901.676851601012,960.2395013352741,0
779,Vendor_C,2023-09-07,24361.032376548086,1008.9751950016785,1
780,Vendor_A,2023-04-27,10206.836780550451,755.9744493609113,0
781,Vendor_B,2023-12-20,30733.613518250528,1619.6875690328432,0
782,Vendor_A,2023-08-16,14393.819168040729,399.99813835029425,1
783,Vendor_A,2023-03-07,10746.132632702125,648.5886002673396,0
784,Vendor_C,2023-12-01,26070.345108075962,1995.586267499533,0
785,Vendor_E,2023-09-19,772.5370584408306,122.78756546013435,1
786,Vendor_A,2023-10-22,879.3696161366537,103.72436977444934,0
787,Vendor_B,2023-08-31,11343.90605054196,361.4503957364089,0
788,Vendor_D,2023-07-05,2317.7074437906467,117.96080128394195,0
789,Vendor_A,2023-09-03,5847.274829469223,317.83011097673284,0
790,Vendor_A,2023-05-05,17273.602142268202,981.200684782994,0
791,Vendor_C,2023-09-25,40227.991139200734,1030.3315927450765,0
792,Vendor_E,2023-05-11,28816.407846780392,2239.6124384784002,1
793,Vendor_D,2023-08-25,25877.05243484261,1699.2545714762364,0
794,Vendor_B,2023-01-18,15027.696748802022,880.4401853147273,0
795,Vendor_D,2023-02-09,46621.80911192441,3294.8533199926674,0
796,Vendor_B,2023-01-21,20152.244541240987,516.5436007333919,0
797,Vendor_E,2023-08-13,4811.091956390689,291.9530377827323,0
798,Vendor_B,2023-12-21,31044.792547831163,1858.8799304045187,0
799,Vendor_C,2023-10-09,6135.000477091769,482.26785758188424,0
800,Vendor_C,2023-01-08,17588.54556868376,1222.0949513856856,0
801,Vendor_C,2023-04-10,25616.89096653154,1000.0258279708796,0
802,Vendor_C,2023-08-28,43774.0149719162,3410.250864391677,0
803,Vendor_D,2023-03-28,24930.555726835875,740.759841682668,0
804,Vendor_E,2023-10-25,35261.80891856738,2590.271599644662,0
805,Vendor_B,2023-01-14,49644.433530453985,3940.527406931636,0
806,Vendor_B,2023-11-30,7008.71143495009,288.5809171526381,0
807,Vendor_C,2023-01-02,14099.210513216216,930.8853157116097,0
808,Vendor_C,2023-10-20,20031.5157420835,541.0079018390873,0
809,Vendor_A,2023-11-21,21380.49483767215,987.185715271465,0
810,Vendor_E,2023-02-10,20845.543225644516,1113.2913545859017,0
811,Vendor_D,2023-11-14,45426.744626549465,2527.6945243721866,0
812,Vendor_B,2023-11-12,35844.61590110939,2784.256405001246,0
813,Vendor_A,2023-04-21,30591.308097489837,1860.8834017230515,0
814,Vendor_A,2023-01-14,15813.949534207713,812.0124686582936,0
815,Vendor_B,2023-08-19,41277.624018954084,2858.997759843094,0
816,Vendor_D,2023-03-25,47775.49531850695,3732.9472535836594,0
817,Vendor_A,2023-05-10,41149.31498623621,947.3556613945448,0
818,Vendor_A,2023-08-19,577.4727069779087,108.51233100703361,0
819,Vendor_E,2023-11-22,32001.867824078647,807.9875290476585,0
820,Vendor_D,2023-05-25,3031.201381383986,299.5796405042568,0
821,Vendor_A,2023-12-11,13251.557406519232,543.8290709314464,0
822,Vendor_D,2023-01-28,3446.4726672146985,130.73268519106472,0
823,Vendor_B,2023-03-07,30387.874920994695,1462.8767465747999,0
824,Vendor_C,2023-06-12,34486.200717884036,2075.7047619536806,0
825,Vendor_A,2023-08-17,6167.138084262303,300.96874524907065,1
826,Vendor_E,2023-09-18,19500.024710726484,507.8004361531818,0
827,Vendor_B,2023-06-13,23083.70719329933,1329.7918234121803,1
828,Vendor_D,2023-10-28,18768.12457716537,1433.460277982745,0
829,Vendor_B,2023-10-30,6490.737524017056,315.33018909726474,0
830,Vendor_A,2023-10-14,21237.91561428003,721.7723230463862,0
831,Vendor_D,2023-01-10,37683.3133665167,1807.2498456770943,1
832,Vendor_C,2023-07-14,4014.8793943961455,153.65380374106277,0
833,Vendor_B,2023-04-28,4468.910697054221,369.6770304476566,0
834,Vendor_A,2023-09-27,18061.17894588122,1323.1034393816844,0
835,Vendor_E,2023-03-21,47115.42272513679,2661.02868252683,0
836,Vendor_D,2023-04-03,33594.34601278425,1422.968048037946,0
837,Vendor_B,2023-09-23,34094.16285529196,2384.7531909765344,0
838,Vendor_B,2023-11-28,18415.039546474316,1004.0254499762854,0
839,Vendor_C,2023-12-16,29886.209164822652,2110.749899404841,0
840,Vendor_C,2023-12-27,1001.4936093732972,88.68998748026947,0
841,Vendor_E,2023-09-14,31986.75429727234,2216.7713155938363,0
842,Vendor_E,2023-05-13,45707.70390502372,2624.5462521334016,0
843,Vendor_A,2023-10-03,30822.38668306855,1442.082807155211,1
844,Vendor_A,2023-09-21,43748.08037658408,3460.897753423795,0
845,Vendor_E,2023-06-20,36336.66624557164,1938.88401659243,0
846,Vendor_E,2023-01-01,6467.641611982667,421.13486358211355,0
847,Vendor_D,2023-11-09,45171.43871064916,1548.5099190620635,0
848,Vendor_C,2023-03-05,3788.9702956108567,284.9513833838414,0
849,Vendor_A,2023-10-11,26931.389891114308,1509.9746215493558,0
850,Vendor_C,2023-05-01,7535.787627776154,276.59106953055084,0
851,Vendor_C,2023-04-17,1079.4772311797512,86.26708988670342,0
852,Vendor_E,2023-06-24,21390.695876318132,1270.9972853524184,0
853,Vendor_D,2023-07-23,15104.515028880734,1030.8354782711956,0
854,Vendor_B,2023-06-14,24557.02444298135,1311.1097909858818,0
855,Vendor_D,2023-11-01,29071.394393360264,1005.8148608914805,1
856,Vendor_D,2023-04-30,2665.0840792928943,159.9206877510053,0
857,Vendor_C,2023-02-13,6588.663108625409,217.4498335429219,0
858,Vendor_D,2023-11-08,28152.798624296054,1371.5653986139794,0
859,Vendor_A,2023-06-05,17486.78398204658,576.3825686602881,0
860,Vendor_C,2023-07-26,36594.08763369767,1147.8971590777112,0
861,Vendor_A,2023-04-18,32788.436605301016,1096.7258831610757,0
862,Vendor_B,2023-09-08,42357.41596800039,1835.5760645373678,0
863,Vendor_C,2023-11-30,34778.39492012665,879.6972436343291,0
864,Vendor_B,2023-05-10,21781.588330812334,983.7850532347808,0
865,Vendor_C,2023-10-20,33811.847808524406,1789.4514878195348,0
866,Vendor_E,2023-01-20,14131.368125643217,761.3213226192668,0
867,Vendor_D,2023-10-09,15662.518189521528,704.9603328530447,0
868,Vendor_E,2023-10-12,39554.765416079266,2809.974443212464,0
869,Vendor_B,2023-01-01,22597.76606187832,706.006241437199,0
870,Vendor_D,2023-04-29,40019.82685565845,2047.7838240255594,0
871,Vendor_C,2023-02-04,41209.907496579784,1029.6511059989402,0
872,Vendor_D,2023-07-17,42949.335714233544,1082.6955108746251,0
873,Vendor_A,2023-09-02,45873.44417413976,2511.357896309936,0
874,Vendor_D,2023-02-28,21833.768415408165,1183.564920396961,0
875,Vendor_A,2023-11-21,16283.907506896372,1238.080825774686,0
876,Vendor_D,2023-06-10,29318.837956408635,1606.5180780109854,1
877,Vendor_A,2023-06-28,18873.034960162564,1503.249071818019,0
878,Vendor_B,2023-07-25,30253.17125661153,757.371117191575,0
879,Vendor_E,2023-01-12,35426.50020086932,990.3230054243348,0
880,Vendor_C,2023-10-03,34576.048415360776,827.4874756673048,0
881,Vendor_D,2023-06-30,19040.367907496006,635.6597477172835,0
882,Vendor_E,2023-08-30,8759.579984088265,519.6723901314405,1
883,Vendor_C,2023-08-04,21811.202253879273,1303.9276587990946,1
884,Vendor_C,2023-09-08,7558.410132054482,226.30434291867493,0
885,Vendor_A,2023-10-26,44559.803241598514,3481.3703876963996,1
886,Vendor_B,2023-05-06,17620.93430652394,1306.4077369299528,1
887,Vendor_B,2023-08-05,8145.757487554527,319.14809654703765,0
888,Vendor_E,2023-11-02,1759.6641153346684,78.1156245359641,0
889,Vendor_B,2023-10-12,32468.20812118097,1012.7546283896297,0
890,Vendor_D,2023-07-04,32026.664714009792,936.4674039672027,0
891,Vendor_B,2023-02-08,17359.90624577394,535.2247075261026,0
892,Vendor_E,2023-08-11,4049.738497958725,286.9313321574607,0
893,Vendor_B,2023-07-03,20776.630297313986,762.1061816724506,1
894,Vendor_D,2023-06-27,15905.266005637983,699.9323176613648,0
895,Vendor_A,2023-10-21,34017.471666882964,2772.97105227308,0
896,Vendor_E,2023-12-06,30486.072847908174,1917.3762383447472,0
897,Vendor_A,2023-05-31,18547.38954577823,1502.3676673273164,1
898,Vendor_A,2023-05-06,11285.68143562201,378.0190607724445,1
899,Vendor_A,2023-10-28,49407.780324701795,2147.85306767524,0
900,Vendor_C,2023-11-04,22973.080249207687,1247.4329319041908,0
901,Vendor_C,2023-12-02,34569.574671121736,869.5708615656549,0
902,Vendor_A,2023-08-22,7457.371895128858,214.2621140631608,0
903,Vendor_E,2023-01-08,24536.69013314019,1551.5201093041385,0
904,Vendor_D,2023-12-07,1863.0676335385417,195.99378559806445,0
905,Vendor_D,2023-05-09,25520.028336567273,1206.2631976699008,0
906,Vendor_B,2023-09-21,48218.86165232627,2454.2388022614073,0
907,Vendor_E,2023-06-06,19518.23229279711,915.2870986012516,0
908,Vendor_C,2023-12-18,2430.3026224581236,78.97810752061082,0
909,Vendor_A,2023-12-24,2032.3116505075047,148.54259701241102,0
910,Vendor_B,2023-01-05,19705.34461737004,661.8285194856727,0
911,Vendor_D,2023-03-27,8421.234354928105,270.30476434236317,0
912,Vendor_C,2023-06-24,1655.9287682452027,185.92165835628828,0
913,Vendor_C,2023-10-17,37932.57389053376,2179.2306108901557,0
914,Vendor_A,2023-07-12,23196.88893965359,1553.7676500271707,0
915,Vendor_D,2023-11-07,14817.616212646399,652.6283708553199,0
916,Vendor_E,2023-04-29,45054.1175593158,2024.7405776529774,0
917,Vendor_C,2023-08-06,6248.878529926018,280.72418357091243,0
918,Vendor_A,2023-04-24,47817.9820332883,1294.8430544384871,0
919,Vendor_E,2023-05-25,16041.352510178966,533.918231963387,1
920,Vendor_D,2023-01-26,44475.98177927972,3082.8641379234273,0
921,Vendor_C,2023-05-16,30345.672385733345,1862.6585281635678,0
922,Vendor_E,2023-10-30,41422.01430720363,2258.8118607555834,1
923,Vendor_E,2023-08-20,49208.65157891798,2412.994494137433,0
924,Vendor_E,2023-03-17,14776.069172027914,1169.0346160936276,0
925,Vendor_C,2023-11-24,48076.20652767585,1204.4302736562126,0
926,Vendor_C,2023-12-11,19779.353797669806,789.6610212716813,0
927,Vendor_B,2023-10-29,19582.839284477654,852.144885932817,0
928,Vendor_D,2023-10-16,17349.16166059803,1179.5540282589564,0
929,Vendor_A,2023-01-01,27299.676563705467,2230.127210804727,1
930,Vendor_E,2023-05-27,8130.179637335111,318.44684831318193,1
931,Vendor_B,2023-10-14,27908.718525221553,2089.845142498815,0
932,Vendor_A,2023-05-22,27314.3882142952,1957.5914303444,0
933,Vendor_B,2023-02-22,38214.139723941065,1337.2965651965496,0
934,Vendor_C,2023-10-31,41765.67311591048,1866.8657237659356,1
935,Vendor_E,2023-03-10,22301.84684046499,1032.4379873200883,1
936,Vendor_A,2023-12-27,15465.495842898941,1257.857205088076,0
937,Vendor_A,2023-03-31,13337.077417196177,478.6297555188256,0
938,Vendor_A,2023-08-08,10133.879916891161,772.1393949220673,0
939,Vendor_A,2023-07-11,3353.5553188517315,168.21169659038083,0
940,Vendor_A,2023-03-04,17451.17495231831,1185.8332382355889,0
941,Vendor_B,2023-03-14,13877.260760473771,633.8678005877243,0
942,Vendor_E,2023-06-10,48337.660600387164,2670.2629000527554,0
943,Vendor_C,2023-06-18,28106.586899377173,1997.0686784899342,0
944,Vendor_C,2023-03-30,17690.213432010125,1230.3057236056632,0
945,Vendor_C,2023-06-25,29233.14624918795,2122.6876954741915,1
946,Vendor_C,2023-09-26,7390.2367166119275,232.4998813774924,0
947,Vendor_B,2023-03-14,22480.165585509043,1428.766619308218,0
948,Vendor_D,2023-09-02,31498.59891034266,952.1244600711461,0
949,Vendor_E,2023-03-18,24700.442673726342,1174.0724693175416,0
950,Vendor_A,2023-06-08,20388.05063238905,1134.1522554598546,0
951,Vendor_D,2023-11-20,49695.49525053506,2257.9254576200524,0
952,Vendor_C,2023-04-08,44075.58072637189,2304.2521505958425,0
953,Vendor_D,2023-04-12,31358.594928892286,2528.411922027738,0
954,Vendor_E,2023-05-12,28684.179378522997,877.5557320841683,0
955,Vendor_A,2023-04-12,31222.69375131691,1928.0450671316066,0
956,Vendor_A,2023-01-19,10464.949337210446,489.2348638116708,0
957,Vendor_E,2023-03-23,20059.31829158377,607.713161846487,0
958,Vendor_E,2023-10-06,2453.246878099516,104.17394732731884,0
959,Vendor_C,2023-12-05,24039.52885559792,1891.6466632382442,0
960,Vendor_A,2023-12-31,27379.716905904326,2049.4698147480226,0
961,Vendor_D,2023-11-27,11773.611937108875,933.1886766831562,0
962,Vendor_B,2023-05-09,48219.42793469293,3865.1005510990285,0
963,Vendor_B,2023-12-10,45518.00324139348,1519.5319932272866,0
964,Vendor_E,2023-11-06,36246.09015506734,1569.4056392020623,0
965,Vendor_C,2023-03-30,26902.63812388545,1678.2062080935689,0
966,Vendor_B,2023-08-01,43563.473402560405,2227.3379134768074,0
967,Vendor_A,2023-05-23,6967.2910192614145,387.85088216764905,1
968,Vendor_E,2023-03-06,39630.234816606804,1716.2991875749146,0
969,Vendor_D,2023-03-17,6678.630291358991,393.75371371325326,0
970,Vendor_E,2023-07-18,39813.42779619557,2236.5266076241724,0
971,Vendor_D,2023-05-23,14150.49462844217,469.0302493536614,0
972,Vendor_E,2023-11-12,43915.983760400355,2160.3151817528624,0
973,Vendor_E,2023-04-03,47230.08364435719,2566.393076808724,0
974,Vendor_E,2023-11-01,7865.400485553224,495.34435029144663,1
975,Vendor_D,2023-08-12,23402.44245073698,823.0867702718563,0
976,Vendor_D,2023-10-18,49058.87521905291,3198.5080050248744,0
977,Vendor_E,2023-04-12,24428.66808067076,590.3573592843032,0
978,Vendor_B,2023-09-24,43245.60236446998,1822.8553363118804,0
979,Vendor_C,2023-12-21,29642.210345500334,2034.8115158160829,0
980,Vendor_C,2023-04-20,19078.83044202029,1071.0146531871565,0
981,Vendor_C,2023-11-26,14646.285998530575,568.051975653459,0
982,Vendor_D,2023-09-22,10559.54300876132,716.8189608425816,0
983,Vendor_D,2023-01-03,38209.01047319601,2094.143126726961,1
984,Vendor_B,2023-03-26,19633.75508773988,1419.5741243350187,1
985,Vendor_C,2023-10-09,25808.135378937182,1667.918756919782,0
986,Vendor_C,2023-11-24,24870.111260058504,1445.8559856371282,0
987,Vendor_E,2023-10-31,29075.311947039998,1490.5455684541982,1
988,Vendor_D,2023-04-27,43346.06870841533,1274.9829516920493,1
989,Vendor_C,2023-08-09,49046.59750737975,1797.972156352958,0
990,Vendor_B,2023-06-03,20675.418324403938,982.263967753924,0
991,Vendor_B,2023-06-02,41462.186644262,2378.350268209714,0
992,Vendor_C,2023-01-12,38344.12583540852,1994.121845739825,0
993,Vendor_D,2023-05-13,28889.683097050874,1155.1908648063938,1
994,Vendor_B,2023-10-31,47824.33360879069,1041.822870670548,0
995,Vendor_E,2023-10-20,10423.488518655939,586.2788873126249,1
996,Vendor_B,2023-10-27,5908.5784103262595,250.1070467059347,0
997,Vendor_A,2023-08-16,42771.11736429339,2789.0356495862197,1
998,Vendor_A,2023-09-28,22237.91592337054,520.6999015188211,0
999,Vendor_D,2023-02-12,42424.95828324949,2367.0648680031377,0
1000,Vendor_C,2023-12-09,44707.965157173036,3476.8464312302094,0
